"Theta [deg]","dB(rETotal) [] - Freq='25GHz' Phi='90.0000000000002deg'","dB(rETotal) [] - Freq='25.5GHz' Phi='90.0000000000002deg'","dB(rETotal) [] - Freq='25.9GHz' Phi='90.0000000000002deg'","dB(rETotal) [] - Freq='25.95GHz' Phi='90.0000000000002deg'","dB(rETotal) [] - Freq='26GHz' Phi='90.0000000000002deg'"
0,24.8315913569818,24.8133038635503,24.7934717219567,24.7897791103451,24.7859286644471
1,24.8275688503585,24.8087644921504,24.7883966468603,24.784631854009,24.7807077732535
2,24.8188571109248,24.7991685893822,24.7778900890467,24.7740027078948,24.7699525833385
3,24.8064563153215,24.7856998971572,24.7633001321164,24.7592613979298,24.755054701338
4,24.7920529958386,24.7703509067629,24.7468919784039,24.7427090644437,24.7383516232979
5,24.7779656573081,24.7558483147961,24.7317549418296,24.7274828032499,24.7230287964724
6,24.7670017012498,24.7454681639005,24.7215789688191,24.7173270122847,24.7128857173331
7,24.7621773785702,24.7426855788681,24.720239406346,24.7161694287626,24.7119031005955
8,24.7662750740336,24.7506349145726,24.7311678888126,24.7274800396081,24.7235896235797
9,24.781262835967,24.7714209655762,24.756565769224,24.7534714881838,24.7501691179061
10,24.8076709064904,24.8054063493764,24.7966143436062,24.7942992168989,24.7917705203465
11,24.8440821109972,24.850667431282,24.848906627962,24.8474904407367,24.8458540820749
12,24.8869113791607,24.9028177187265,24.9083188229649,24.9078225105652,24.9070968264921
13,24.9306041359242,24.9553271102357,24.967445117902,24.9677734742413,24.9678591646893
14,24.9682907507904,25.0003505895394,25.0175862729722,25.0185320891523,25.0192166726146
15,24.9928397569775,25.029980389622,25.0501817306919,25.0514539034941,25.0524404928437
16,24.9981864151926,25.0377772115226,25.0585246252709,25.059800742304,25.0607616607578
17,24.9807496665582,25.0203676422327,25.0395215976891,25.040521955494,25.0411740639669
18,24.9406181330674,24.9787193444829,24.9950360365683,24.9956056412047,24.9957935360491
19,24.8819584467798,24.9184105456404,24.931993748002,24.9321597987695,24.9319135587222
20,24.8119510035784,24.8480665170551,24.8603097544856,24.8602677381947,24.8597875187141
21,24.7379414667909,24.7757507756774,24.7885697851465,24.7885748356938,24.7881194063704
22,24.663794946055,24.7048461617706,24.7195799150483,24.7198019729411,24.7195423664336
23,24.5880572698601,24.6327607187944,24.6497575500806,24.6502401532174,24.6502210325884
24,24.5065078894936,24.5550421571802,24.5747239258875,24.5755403994727,24.5758413187887
25,24.4185159975762,24.4729296367706,24.4976361257356,24.4991254489299,24.5000971682194
26,24.3318567656644,24.3970353026577,24.4313002244641,24.4340605098799,24.4363084965743
27,24.2590292786485,24.3399880878362,24.3874297911442,24.3918703717202,24.395794425665
28,24.2045259065292,24.3011786962183,24.3602460267736,24.3660733513352,24.3713603004071
29,24.1548602126218,24.2603560494015,24.3247096605656,24.331104622056,24.336936020843
30,24.086253540874,24.193304815352,24.2588233343529,24.2654232969752,24.2714775276861
31,23.9876190250126,24.097963233666,24.1696751483026,24.1773449299478,24.1845398728448
32,23.8755447665325,24.0009855384061,24.089928535839,24.1000783653144,24.1098225052361
33,23.7791301549701,23.9285764290923,24.0382830775721,24.0510483758213,24.0634029600847
34,23.7042330333267,23.8701903365831,23.9895104016512,24.0032018140697,24.0164204632555
35,23.6216365211049,23.7863901139313,23.9012674886898,23.9142406358457,23.9267180890568
36,23.5008494730678,23.6565177348089,23.7659356653,23.7784228113651,23.7904720661666
37,23.3465324462274,23.5013007810743,23.6145808114411,23.6278194482488,23.6406826435693
38,23.1863824448194,23.3469563900118,23.4660035454153,23.479967713154,23.4935632715489
39,23.0269885364191,23.1855485335968,23.3029213755269,23.3167462314894,23.3302471225574
40,22.8492870395673,23.0010564555272,23.1204355050188,23.1351165637327,23.1496397695561
41,22.6557816259324,22.81793130774,22.957707200017,22.9755639963066,22.9933977526921
42,22.4848061415655,22.6740903285734,22.8369770623937,22.8574714167445,22.8778764962197
43,22.3509439986719,22.5498969457387,22.7113565804587,22.7311119803973,22.7507013657884
44,22.2102609577884,22.3886206260311,22.5344533037623,22.5526918163187,22.5709374767891
45,22.0258174679417,22.1879929556288,22.3374496449224,22.3572199454533,22.3772502533768
46,21.8278036304853,22.0027229721156,22.1719799175341,22.1943071896196,22.2168816583353
47,21.6626747595908,21.8493927914699,22.0202197533615,22.0420720897459,22.0640681492129
48,21.5181522759652,21.6881227096927,21.8442407903524,21.8646275484872,21.8853420523466
49,21.359747694891,21.5113933998648,21.6695794251402,21.6913693179438,21.7137633754173
50,21.2016356788357,21.3583779964243,21.530017410446,21.5534633713115,21.5774761436787
51,21.0732450280643,21.2287427687532,21.3896359091561,21.4109267442433,21.4326668076626
52,20.9541255594575,21.0763632470139,21.2074764911398,21.2253169361952,21.2437808430758
53,20.8106039157684,20.8947987739147,21.0083515450247,21.0248936479342,21.0422922367501
54,20.655837010119,20.7191959293294,20.823910958537,20.8395530465278,20.8561180516643
55,20.5159172608842,20.5592266701202,20.6515315561825,20.6660222383576,20.6815939818544
56,20.3905556784531,20.417115550439,20.5066596754879,20.5211775921249,20.536821420069
57,20.2913174182068,20.3130872584992,20.3871730063717,20.3980730993686,20.4096938152589
58,20.2286436727114,20.2088876876443,20.2198054263067,20.2218627040955,20.2246760201861
59,20.1464823708803,20.0426632409066,20.0068804918545,20.0061593043636,20.0070030857878
60,20.0106969193825,19.8820816841201,19.8687694480724,19.8714875681056,19.8755504062815
61,19.9100539803373,19.8104605400505,19.7758864242162,19.7712782518337,19.7670126780409
62,19.8808800536509,19.7211219476338,19.5937038952651,19.578234240834,19.5637880532809
63,19.805874421423,19.5577590293136,19.4266997417858,19.4160290168147,19.4072788359919
64,19.6865455238693,19.4831135267273,19.4081944945308,19.4008378409917,19.3940559571131
65,19.6714217089127,19.5142128400994,19.3862442000149,19.3677242820318,19.3492354053567
66,19.7189176061066,19.4860369676505,19.2926418456401,19.2692771874512,19.2467762894247
67,19.6960736442496,19.4214647461208,19.2309927885169,19.2073119253956,19.1838133818996
68,19.6517942175253,19.3865730065722,19.1611125458244,19.1305240542036,19.0998900666561
69,19.6247969895657,19.3272846341365,19.0919913521016,19.0644261905822,19.0377851978007
70,19.5766505185615,19.3070722168329,19.128808954771,19.1065010788653,19.0839904461654
71,19.5730227379925,19.3603727575029,19.1532623915113,19.122322670596,19.0903945750647
72,19.6094365441969,19.350697960947,19.0920667958349,19.0577883554207,19.0233643135422
73,19.5739155666232,19.2883793853553,19.0490662875688,19.0174046372021,18.9851603937788
74,19.5034386416028,19.2507136031114,19.0134516531602,18.981415910277,18.9490415863541
75,19.4518871447858,19.2062684369362,19.0095785254821,18.9869541412198,18.9646373492225
76,19.3855799474785,19.2070553788915,19.0800003257006,19.0611368078171,19.0407740834495
77,19.3552115550824,19.2451267829007,19.0711882130244,19.041896854413,19.0109010574532
78,19.3490706569981,19.1819812945569,18.9709213433562,18.9442587097775,18.9177535720814
79,19.2509524512521,19.0658768150587,18.9377718478749,18.9233191939635,18.9084170155029
80,19.1039479470562,19.0201841823319,18.9367027451525,18.9214045308312,18.9043799284742
81,19.0154264664233,18.9752596839171,18.8559636642086,18.8376456652849,18.8187382056299
82,18.9271890646258,18.84403665385,18.7576580656747,18.7501571532485,18.7428950002497
83,18.7506239621977,18.7177739831049,18.7268590652109,18.7255408886726,18.7223118338672
84,18.5706653007004,18.6596285631072,18.6342968998503,18.6227194581752,18.6094389926322
85,18.4695880484541,18.5086327550974,18.4409151566476,18.4362058245702,18.4326230652354
86,18.2876463563342,18.2724478713581,18.3325427358539,18.3427413792233,18.3517738336634
87,17.9979117777802,18.1379056047805,18.211751492445,18.2126335837481,18.2117519495423
88,17.803903257835,17.9591579912189,17.9781651650494,17.9843717555156,17.9918367626613
89,17.5954954911422,17.6763088577731,17.8040045086054,17.8214597792705,17.8374534456211
90,17.2613495290351,17.468027968319,17.5863337250984,17.594256241749,17.6014209548326
91,16.9964002703403,17.2022207704734,17.3066569410284,17.327264306368,17.3493940765601
92,16.7173153152573,16.8888528833692,17.1018854215904,17.1241449068712,17.1437404896405
93,16.357277116464,16.6509957382988,16.7563978572055,16.7638878482713,16.7726434794672
94,16.0910612687491,16.2536298236071,16.3827961892055,16.4164184875937,16.4527634141861
95,15.7188334588964,15.8438244740709,16.1542860807265,16.1853108076008,16.2126286335138
96,15.2388545948739,15.6113571888551,15.7740650940864,15.7901821130612,15.8098447890692
97,14.9899985935843,15.221640174588,15.4308396100541,15.4781380975076,15.5273588411709
98,14.7045246021924,14.8463495827016,15.157564876584,15.173151170033,15.1813348829245
99,14.2907663868569,14.5988096826469,14.5416400249953,14.5251144878182,14.5153566063894
100,14.0902619555921,14.0516617496246,14.0700872732876,14.1193220663059,14.1767706927121
101,13.7954732043622,13.590767107589,13.9734580066796,14.0104625321811,14.0406426248337
102,13.3439541789406,13.5544353158399,13.6093475939045,13.5960231962226,13.5856181731068
103,13.2993433935419,13.3243311670044,13.2052201666721,13.2136121075035,13.2265716222492
104,13.3620024461882,13.0130745884637,12.996988143841,12.9830517097009,12.9660989038981
105,13.1922501313573,12.9543181177826,12.6982433386817,12.6731800526074,12.6592376688255
106,13.2119709810358,12.8157503822902,12.672764431697,12.6929646983002,12.7155459690762
107,13.3350819816779,12.8276140921691,12.8284464968472,12.7924087222878,12.7454285034686
108,13.3439646266652,13.1420609177199,12.670424929108,12.5923102773089,12.5239852985529
109,13.620924967525,13.1970645329741,12.7115329982288,12.7049797933062,12.7077786832522
110,13.9731605316467,13.2075837586186,13.1296653098618,13.1093046598064,13.0780357205932
111,14.0237767523095,13.622221311249,13.3333777622491,13.2599735167607,13.1852666800637
112,14.1911283315852,13.9736983309293,13.477342777721,13.4254894916574,13.3770577824777
113,14.6199127972409,14.1380956878507,13.7585630557157,13.7032298805582,13.6427129139694
114,14.889364131414,14.3945342372804,13.945356586203,13.8814675851855,13.8208461233831
115,15.0579384117231,14.5997788412756,14.2139764318685,14.1854878329511,14.157376596898
116,15.2757301449624,14.7815922908189,14.5795832340162,14.5355525758456,14.4829556094456
117,15.4041707857186,15.1106807925293,14.7672895188683,14.7074856263148,14.6507467537674
118,15.5523658091085,15.3371308125522,14.9764728617926,14.9535972482132,14.9321292807139
119,15.8088101025449,15.4426329963723,15.263022473982,15.2258353800865,15.1785106290784
120,15.946036089154,15.6562944835123,15.3484766836419,15.288246791232,15.2315619308683
121,15.9891937801873,15.7947805093179,15.4398585198486,15.4332290664276,15.4355856291324
122,16.1107808113912,15.771591567273,15.7317409931097,15.7409204624941,15.7409811943522
123,16.161221966381,15.881836742491,15.8847558534912,15.8501354597263,15.8085354356956
124,16.0757437194128,16.0680858018152,15.852515774143,15.824887310449,15.8032627119166
125,16.0779246634759,16.0619860458605,15.9130591784596,15.9183106643185,15.9228411464064
126,16.1525104421438,15.9908181469751,16.0086353086304,16.0036235923436,15.9929190850715
127,16.0903162815789,16.0198221500711,15.9892347960572,15.9744084871277,15.9585933119048
128,15.9503235743819,16.0130477129271,15.9184347800812,15.9051898857621,15.8877646903822
129,15.8786767924525,15.9062855934059,15.7956883765708,15.768558795409,15.7374871917647
130,15.801758721922,15.7729234003333,15.6029853694915,15.5844997211594,15.5731751450265
131,15.6391178211262,15.5864767848673,15.469468424817,15.4872049873448,15.5092868935473
132,15.4413669130155,15.3364619287675,15.3896814503548,15.4063375798724,15.415278365379
133,15.2150719261732,15.1230565115116,15.2050807366955,15.1980972512777,15.1878024685061
134,14.9184587542333,14.9412484077277,14.9514304200117,14.9569135219868,14.9677337679925
135,14.5937436953928,14.6933021335422,14.752342399857,14.7739158220322,14.7923423527227
136,14.2923853352405,14.4089936808205,14.5092926501333,14.5042884778233,14.49025793682
137,13.9786273314636,14.1504137481274,14.1063920340489,14.0828766162497,14.0636288995832
138,13.6393041995127,13.8267983950982,13.6803517239975,13.6945528366043,13.7222280662675
139,13.3248820537222,13.3566196018691,13.3857319518704,13.4357085367107,13.4855973965575
140,13.0026781133157,12.8555254985142,13.1080580851433,13.1374977061123,13.1553451535599
141,12.5515116943387,12.4683417932995,12.6878355420808,12.6827495413687,12.6728710318547
142,11.9583297568479,12.1268571995194,12.1681052746481,12.1639234305983,12.1662087087611
143,11.3851310468279,11.6851671149765,11.6682759132133,11.682994069214,11.7041505194147
144,10.9606108390858,11.150953065432,11.1843602420245,11.1994426693897,11.2161973943067
145,10.5946458391021,10.6334406356826,10.6467053987568,10.6492489209274,10.65143719214
146,10.1368177781383,10.1536253949161,10.0576411274159,10.0489110406615,10.0355281166086
147,9.59871538182188,9.6381695745835,9.45509997647753,9.42403273245143,9.38417887789056
148,9.13720741843989,9.07605432756869,8.82641054960538,8.76104655233018,8.70140966245725
149,8.85588408620358,8.56512914657888,8.16978901431212,8.10755818277528,8.09139771208829
150,8.69076635960483,8.18696418881354,7.6180578919167,7.64755930733322,7.75107298637562
151,8.52933038446242,7.90230017725867,7.3861248380493,7.54379182696088,7.74116546712014
152,8.35801474397562,7.62620431981482,7.51744153820969,7.71134583444517,7.8745567302034
153,8.27311796983965,7.36899209227204,7.80576124892072,7.90173470172846,7.91657657645537
154,8.3781196313759,7.27869198391051,8.01408827585744,7.93688879834346,7.76881371126562
155,8.66955686975389,7.52478748180749,8.04134568430412,7.80247834712934,7.50935990184848
156,9.03792266537467,8.10238759527284,7.94868415442735,7.64656640638777,7.36932493748341
157,9.36973265086228,8.8150993378501,7.93100976448784,7.71497637578135,7.59653415991262
158,9.62784334284342,9.45147083798483,8.20161618139607,8.16105893965779,8.21663099827331
159,9.86292751122526,9.90547509917652,8.79965949712639,8.88708400722604,9.01086591624436
160,10.1700054326674,10.1861710319769,9.55644557732188,9.66033464708821,9.74559913799029
161,10.6126015963881,10.3868440742322,10.2692963191907,10.3111099635318,10.3124526786751
162,11.1699910711776,10.6343456367664,10.8295976607496,10.7902634460596,10.721011059703
163,11.75754777435,11.0165759622741,11.2302837439301,11.1385938378932,11.0494464920196
164,12.2871896050569,11.5298701451334,11.5296584878649,11.4407732324012,11.3908596490543
165,12.706352988239,12.0973999678338,11.81044409017,11.7778016874012,11.8024677251884
166,13.00352422683,12.6307724429323,12.1392011547029,12.1873340262074,12.2808678213208
167,13.1980508921761,13.0718462957926,12.5378817064507,12.6533032596504,12.778708126826
168,13.3268578091976,13.3998554468382,12.9836455452372,13.1284194000408,13.240772598676
169,13.4315429419728,13.6218498781717,13.4323638631767,13.5649498222898,13.6286697648684
170,13.5468319517534,13.7607114708227,13.8434543341498,13.9320706913004,13.9267080855046
171,13.6925678657348,13.8451974134591,14.1919164106352,14.2182768861349,14.1372788495643
172,13.8716887829835,13.9024070114976,14.4688944552408,14.4265811268164,14.2736953660123
173,14.0741434163939,13.9526806584109,14.6772412588532,14.5684275847489,14.3539112767658
174,14.2836567861559,14.0072320536753,14.826467069065,14.6586792252293,14.3959241494622
175,14.4837103026848,14.068516761511,14.9287374055149,14.7121534646258,14.4148741269048
176,14.6609165074704,14.1325789069418,14.9961949114458,14.7415861511462,14.4217043646219
177,14.8059368948864,14.1921231295965,15.0394223947995,14.7567743311223,14.4231486930595
178,14.9129389100524,14.2392294903486,15.0667596545825,14.7645928019873,14.4226528091787
179,14.9785261111932,14.2672167338729,15.0841692229166,14.7695248751264,14.4217254004018
180,15.0007181599637,14.2716971862088,15.0953540432325,14.7743305322729,14.4212341185624
181,14.9782578340189,14.2511143361446,15.1018709183892,14.7805229679968,14.4222801364108
182,14.9103596292587,14.2070347126085,15.1030665585664,14.7884296349645,14.426426214116
183,14.7969518619781,14.1442904465972,15.095781658878,14.7967557286369,14.4351765572661
184,14.6394409843446,14.0708250578181,15.0739027719171,14.8017319660484,14.4487380666939
185,14.4419778464996,13.9968560941638,15.027963670699,14.7960966128725,14.4642796044373
186,14.2130490349694,13.9328674065755,14.9450792894831,14.768293791084,14.4741403486667
187,13.9668555973083,13.8862019603856,14.8095262567573,14.7023139902329,14.4646132606728
188,13.7233541871076,13.8567887370318,14.6042925885709,14.5785461659574,14.4159062125311
189,13.5053390243024,13.8335138633078,14.3139636486358,14.3759282716832,14.303649687285
190,13.3314753646043,13.7931190684859,13.9294064592995,14.0757038131359,14.1020766987962
191,13.2067464759887,13.702692985476,13.4546360138669,13.6672536714661,13.7890192205896
192,13.1152807973795,13.5254154819851,12.9151599060722,13.1564312423528,13.3531787169898
193,13.0210550686664,13.228586839077,12.3633679805194,12.575353069114,12.8041323458155
194,12.8775316564615,12.7936424834083,11.8700753507362,11.9874286614379,12.1833760259782
195,12.6423030521244,12.2285868358769,11.4915446876143,11.4732385759543,11.5674422282797
196,12.2922854066208,11.5809843157853,11.2252855244813,11.0867675059325,11.0446527391887
197,11.8369144080701,10.9401917744722,10.9971247467456,10.8072696277568,10.6590088850736
198,11.3248712690253,10.4058406604168,10.6988823008546,10.5397707549933,10.3644613575358
199,10.8322762275915,10.0193906628618,10.2451283345654,10.170760176392,10.0471291064103
200,10.4209284939106,9.72040386677592,9.61812736080399,9.63242151140474,9.59877399036417
201,10.0875584870041,9.38955636909206,8.89559944894706,8.9473193036762,8.98411739344037
202,9.758890090493,8.93916448729311,8.24036893451106,8.24557725635133,8.28034132514305
203,9.34849831260691,8.38198725737313,7.80195965473757,7.71241990851665,7.66752391710572
204,8.82987962559255,7.85134935516088,7.57757421691955,7.43930210448418,7.31369114405648
205,8.28344998624969,7.53411734808546,7.4197905457775,7.33056291713258,7.21167268881362
206,7.8817033335392,7.50861959476446,7.19667376950644,7.21542153495134,7.19248519721621
207,7.76839612742993,7.66377528244213,6.92592380915059,7.02267956609568,7.10960925513548
208,7.91603391805538,7.82761027110523,6.80540403668027,6.86876741592397,6.98283547261643
209,8.16690519292889,7.93207232901409,7.06795750084363,7.00390540159179,7.02109974365632
210,8.41254937345192,8.06476669010479,7.69814514866141,7.54869118132082,7.44263705100885
211,8.69233651865698,8.37596126605436,8.43028912805021,8.31122739967449,8.18270946893309
212,9.11732373201501,8.88629799556123,9.05693668288248,9.02300478358763,8.96110395922197
213,9.67729914558869,9.45429305042822,9.58459614673069,9.60667908195793,9.61252914713268
214,10.1949903324051,9.98580842225932,10.1191607685885,10.151011957811,10.1802554303051
215,10.5347161960904,10.5539521731941,10.6649717590502,10.7036223248025,10.7408116003835
216,10.8001942769143,11.2261213098432,11.1423267012672,11.1939308805944,11.2491810837627
217,11.2561558333409,11.8647658665293,11.5975596570132,11.6212422215462,11.6650400834697
218,11.948188177935,12.2853300932314,12.1846342827019,12.145792757012,12.1261155960143
219,12.6107380107723,12.5423632379063,12.8502248042258,12.8065168191841,12.7540780110396
220,13.0579348266301,12.9006586420427,13.3358310773206,13.361334791285,13.3632289504062
221,13.3751050724069,13.431591408982,13.5782732838041,13.6498711768233,13.7154940057195
222,13.7113696190007,13.907214993861,13.8322338743887,13.8633652676707,13.9096076469061
223,14.0446960779301,14.2246812346304,14.247864619084,14.2368004485415,14.2296998895083
224,14.3135408997769,14.5270255145894,14.6130542424155,14.6256274608705,14.6299824312598
225,14.5949718576691,14.8494543246778,14.8226505520939,14.8461128444329,14.8739322046894
226,14.9309232267603,15.0390689735036,15.0768284763212,15.060730791852,15.0528543360107
227,15.2049320477709,15.1288033793659,15.3899824287527,15.3793525795108,15.3564137736789
228,15.3823492459522,15.3319868343127,15.5077147290133,15.5535065165832,15.5857387566071
229,15.5703342489186,15.6018779502075,15.4764355524572,15.5153605376668,15.5649073533466
230,15.7468552206478,15.7521030635248,15.6023961540171,15.5778786482032,15.5646108701235
231,15.8201818299748,15.8519542059144,15.8160664983922,15.7910853317127,15.7580494240356
232,15.915643467397,15.9704228659342,15.8955572555573,15.8952090591852,15.8908478834889
233,16.117854794666,15.9692282806428,15.9447322617221,15.9295359077892,15.9164311053604
234,16.2071750564901,15.9244016614839,15.9834566411923,15.9783783468051,15.9650793834223
235,16.1307574071549,16.0409752342208,15.8584090203432,15.8756467148515,15.891598956068
236,16.1390658534999,16.1067406387191,15.7680713520179,15.7374683012511,15.7188345653441
237,16.1904106410557,15.9493850447534,15.8575019279247,15.8023728915773,15.7415333541492
238,16.0671210713562,15.8453570715312,15.7822607525096,15.7775204876226,15.7606177301047
239,15.9419074913677,15.8264780744197,15.5281598373942,15.5201183564732,15.5185096076097
240,15.9159373015218,15.6384469446483,15.4165296017229,15.3657826922912,15.3171213625815
241,15.7296307130764,15.438563488821,15.2822165646528,15.2543971308248,15.2173873999631
242,15.4984335128024,15.3150329027881,15.0005680833931,14.9775643483273,14.9566993611874
243,15.4706886129714,15.0238303895276,14.7984358708953,14.7497217901521,14.7009464086348
244,15.3312104406256,14.7698708278863,14.528779945822,14.5035050788263,14.4717453066342
245,15.0084606980344,14.7034482303323,14.1702132155026,14.1288500966567,14.0943984158867
246,14.8356927534123,14.4322506253891,14.044331239702,13.9633258926649,13.8818458800151
247,14.6191171684872,14.0868654671697,13.8512362189869,13.8130702261547,13.7652553994101
248,14.2642236915621,13.9354416209438,13.4638033392599,13.4279616387313,13.398385936898
249,14.183910545861,13.604466277876,13.3025509747635,13.2320630532908,13.161255886759
250,14.0837808835017,13.2933672452612,13.0804084295397,13.0619314575781,13.0351937653107
251,13.6235469488546,13.3715250192206,12.7185094084503,12.6850511757053,12.6659819643962
252,13.3724437046767,13.2102538066198,12.8279549183719,12.7320360132295,12.6388908685274
253,13.384334906809,12.8247495986,12.9272063442266,12.9111886149506,12.8807201494167
254,13.1924802807173,12.8822123847405,12.6634599378982,12.6864893538395,12.7170424430277
255,13.1764228452322,12.9667297117325,12.7613338370196,12.7239120290515,12.695164153033
256,13.3810184137876,12.9339448221566,13.0313405048332,13.0350283919986,13.0323070642468
257,13.3234322382251,13.2808040751223,13.1047176133568,13.124396069123,13.1531131685701
258,13.3855364577347,13.5654670263474,13.5136318181154,13.4863788985556,13.4642273940284
259,13.7662032248504,13.6519803218244,13.959846897026,13.9812359549014,13.9950500309954
260,13.9663166401455,14.0458682080106,14.1432369892553,14.1857610293233,14.233201124376
261,14.2027632734549,14.4187532457263,14.5395720483919,14.5478105670724,14.5598588115196
262,14.6554535033557,14.6612851015729,14.9286977830595,14.9625020531186,14.9936534472462
263,14.9186247774506,15.1442410525352,15.1877601072302,15.2129843160214,15.2437771398038
264,15.1919087941522,15.5189140291074,15.675603334718,15.6774414795937,15.6787282581243
265,15.6938595107922,15.7441182870228,16.0430125463545,16.0795525687498,16.112277112445
266,16.0722194224198,16.2004171737757,16.251679670854,16.2776753501986,16.308440912117
267,16.3613734895261,16.6131560631021,16.6806216570312,16.6791246747837,16.6777937945684
268,16.6944282874864,16.8726001455073,17.0506204906035,17.0688927488109,17.084375881564
269,16.9404206032036,17.1730485220939,17.2766761851447,17.2934002492673,17.311218827807
270,17.225248388391,17.3952017397025,17.5394823140684,17.5505828380132,17.5602247274141
271,17.5736301862654,17.6123969633044,17.7128734604652,17.7311398361502,17.7488654395794
272,17.7864255801024,17.9230285089226,17.9007688490433,17.900803147722,17.9023631158957
273,17.9825804859919,18.1115052666974,18.1683052493495,18.1655846558065,18.1605646748253
274,18.2550364227505,18.2473151076814,18.2980020462888,18.3068925363297,18.3146252307618
275,18.437279378561,18.4718233527377,18.4060213259684,18.4002940801738,18.3955075864455
276,18.5571076461342,18.6164510057213,18.5944716560971,18.5838386586726,18.5712951452869
277,18.7367710577671,18.6853274429385,18.6763724913602,18.6751895682147,18.6726721679669
278,18.907146179418,18.8252885683424,18.7146602733643,18.7031841194019,18.6922119889057
279,19.002068188713,18.9554256360438,18.8387404124784,18.8186969372902,18.7973937917582
280,19.0878711445375,18.9976490351762,18.9158544337811,18.90236113873,18.8872898797019
281,19.212781074713,19.0450945073062,18.9103222826143,18.8946303307601,18.8787719516449
282,19.3054456630458,19.1364729358598,18.9470068191616,18.9217206557685,18.8960494246562
283,19.3227829467117,19.1833328600624,19.0110635341031,18.9851256261952,18.9580244523897
284,19.3544508816792,19.167786560334,19.0103738402103,18.9879563419201,18.9645572549394
285,19.4378999123684,19.1813556161209,18.9810973351774,18.9560948308766,18.9308068205444
286,19.4953946975588,19.2374176985894,18.9985213135861,18.9677486341441,18.936870516795
287,19.5174219159673,19.2675847430822,19.0373215712189,19.0056233501868,18.9733968963168
288,19.5384056379055,19.2718645195952,19.0512132923647,19.0218046807834,18.99194401019
289,19.5356074604877,19.2743522336075,19.0515058532341,19.0226840021435,18.9938236085919
290,19.5247562264943,19.2603102760718,19.0490548551329,19.0212693548837,18.9934421310192
291,19.5620368389058,19.2555532807241,19.0425799909423,19.0164356274175,18.9905566244752
292,19.6242370339332,19.305157185833,19.0670267933437,19.0389337717152,19.0116612363484
293,19.6671837496027,19.3849996818158,19.1510210394281,19.121335380448,19.0922110189264
294,19.6919560420777,19.4545990505432,19.2654445598961,19.2403089928727,19.2153252130287
295,19.6861744990429,19.4947402318766,19.362616565213,19.3457584233293,19.3292515542599
296,19.6793607498124,19.4971614445708,19.4087086543099,19.3993553154233,19.3908450026317
297,19.765024234344,19.539101751414,19.4388373001128,19.4305430139599,19.4237322931157
298,19.8931720965636,19.6977951506447,19.573081775697,19.5603921038464,19.5491458866573
299,19.9121133918883,19.8466780689975,19.7952505440823,19.787887922764,19.7810323021406
300,19.8777150207707,19.8626056223964,19.9161957941084,19.9236834493839,19.9316785334071
301,19.9655443786935,19.8904267312944,19.9379281576195,19.9494111083095,19.9625038423678
302,20.1212578705008,20.0626458875425,20.0710608441497,20.0761242381211,20.0827642200858
303,20.2107441440783,20.2375817429477,20.2998035486721,20.3087101658032,20.3183634113642
304,20.3028486928241,20.3402026211928,20.4506132473657,20.4677122812641,20.4858443668519
305,20.4720995312746,20.4981120257514,20.5852923544886,20.6004281082121,20.6169921430607
306,20.6236651197296,20.7135717572177,20.8140425176191,20.8278512572249,20.8424217134391
307,20.7214011823392,20.8630352429864,21.0240481796587,21.0451891198915,21.066773116205
308,20.8670065370081,20.9859694495289,21.1522068860373,21.1763332365883,21.2013826857471
309,21.0750390706751,21.1897136192839,21.324718945373,21.3442771948614,21.3647363634363
310,21.2484128055595,21.4140582928006,21.5676154751662,21.5873741376242,21.6074717041426
311,21.3718469394911,21.5668785688286,21.7575668948014,21.7823232538755,21.8073478599288
312,21.5120965203462,21.6936594888064,21.8797356857142,21.9049478692473,21.9306604699479
313,21.6813929438866,21.8595182635952,22.0260700681311,22.0481379125837,22.070576704924
314,21.844132731251,22.0374056730032,22.2073851758338,22.2289996943633,22.2507213847482
315,22.0015507736106,22.1959916358096,22.3710516936468,22.3935156758321,22.4160792982044
316,22.1741256645969,22.3578869291369,22.5212241876265,22.5423296415827,22.5635649760463
317,22.3516504975311,22.5357397016142,22.6888265057232,22.7080362735168,22.727231382565
318,22.5148873373922,22.7066069696162,22.8614761923174,22.8804589477247,22.8992809171143
319,22.6686701232071,22.859019188354,23.0143849674369,23.0335080210136,23.052452034718
320,22.8270296851529,23.0071356820688,23.1535137071087,23.1716005248502,23.1895192063187
321,22.9920238791723,23.1623164995125,23.2963413882322,23.3126929125996,23.3288302956998
322,23.1586194895075,23.3228742663412,23.4471477955564,23.461973325352,23.476505844983
323,23.3209111774395,23.4830128996043,23.6014477798637,23.6152527070102,23.6286858821091
324,23.4684122824952,23.6325961432811,23.7498905506156,23.7633290430781,23.7763302392857
325,23.5911451811596,23.7577689815012,23.87667478838,23.8902504603818,23.9033591324749
326,23.6925889440091,23.854965652656,23.9719641329926,23.9853957206231,23.9983719677696
327,23.7884559651004,23.9382289838646,24.0457256863412,24.0580494131326,24.0699343742883
328,23.8891561785082,24.0242725664218,24.1181920053535,24.1287362842854,24.1388247449047
329,23.9893029083189,24.1140298966765,24.1968632218536,24.2058378140659,24.2143136468147
330,24.0775594931034,24.1955071922621,24.2714233914456,24.2794086479765,24.2868638514567
331,24.152025183599,24.2618400239473,24.3313353020502,24.3385075879742,24.3451479111592
332,24.2223159422842,24.3201537986875,24.3804663734795,24.3865214642989,24.3920580808571
333,24.2986563458899,24.3829547071871,24.4321554688675,24.4368106936012,24.4409558434108
334,24.3820392648741,24.4550303969501,24.4943943477154,24.4977604461506,24.5006148736557
335,24.4650455942865,24.5304683642435,24.5631999301091,24.565674908088,24.5676354618034
336,24.5398726374173,24.6002465703507,24.6289782981174,24.6309247100283,24.6323614044788
337,24.6045190620527,24.6604379996996,24.6861805327468,24.6877608262203,24.6888452324982
338,24.6628068418341,24.7139322509332,24.7367112467374,24.7379509815169,24.7387152694936
339,24.7202377229674,24.7664940336643,24.7864073330775,24.7873303639911,24.7878025155598
340,24.7797560898674,24.8217943252571,24.8394957676784,24.8401918729813,24.8404645060544
341,24.8399651480709,24.8789075805265,24.8954166320869,24.896019688611,24.8962285349039
342,24.8959429406121,24.932865786166,24.9491127814078,24.9497420567313,24.9500068894226
343,24.941415209218,24.9769316265531,24.9934005341693,24.9941148237184,24.9944934919049
344,24.9709856749071,25.0050420918729,25.021618378803,25.022397855141,25.0228685298405
345,24.9816993331767,25.0135656029579,25.0295499764733,25.0302994505113,25.030764394739
346,24.9737304692293,25.002149937304,25.0163906396162,25.0169569591656,25.0172602046434
347,24.9502479674472,24.9737183401417,24.984839364567,24.9850401232552,24.9849962317979
348,24.9166229561534,24.9337554350511,24.9404506838802,24.9401113150936,24.9395425135504
349,24.8792225871194,24.8890912759936,24.8904227679408,24.8894149203116,24.8881896807222
350,24.8440997695227,24.8464805162973,24.8420974379096,24.8403681251446,24.8384306815791
351,24.8159015098151,24.81132859507,24.8015383814032,24.7991205506687,24.7965018347972
352,24.7972394001492,24.7868716731728,24.7725440389061,24.7695453103207,24.7663518586444
353,24.788605573294,24.773959832576,24.756305055898,24.7528794113805,24.7492649253755
354,24.7887421442656,24.7713874406535,24.7516888201233,24.7480015406331,24.7441314618117
355,24.7952601976355,24.7765594559508,24.7559396634822,24.7521362112643,24.7481561726634
356,24.8052921745372,24.7862405058013,24.7655108950402,24.7616965537202,24.7577116775242
357,24.8160269146788,24.7971944051535,24.7767980252889,24.7730299703463,24.7690967605263
358,24.8250673921553,24.8066264705946,24.786658473568,24.7829482086981,24.7790769678832
359,24.8306237560048,24.8124319347567,24.7927110966325,24.7890337614593,24.7851979882586
360,24.8315913569818,24.8133038635503,24.7934717219567,24.7897791103451,24.7859286644471
